title,selftext,score,comments,created,title_length
"Official Question Thread! Ask /r/photography anything you want to know! March 27, 2026","#This is the place to ask any questions you may have about photography. No question is too small, nor too stupid.

___
 
**Info for Newbies and FAQ!**
 
**First and foremost, check out our extensive [FAQ](https://www.reddit.com/r/photography/wiki/introduction).** Chances are, you'll find your answer there, or at least a starting point in order to ask more informed questions.
 
* Want to start learning? Check out [The Reddit Photography Class](http://www.r-photoclass.com/).
 
* [Here's an informative video](http://vimeo.com/41174743) explaining the Exposure Triangle.
 
___
 
**Need buying advice?**
 
Many people come here for recommendations on what equipment to buy. Our FAQ has several extensive sections to help you determine what best fits your needs and your budget. Please see the following sections of the FAQ to get started:

* [What type of camera should I look for?](https://www.reddit.com/r/photography/wiki/buying#wiki_what_type_of_camera_should_i_look_for.3F)
* [What's a ""point and shoot"" camera? What's a DSLR? What's a ""mirrorless"" camera? What's the difference?](https://www.reddit.com/r/photography/wiki/buying#wiki_what.27s_a_.22point_and_shoot.22_camera.3F_what.27s_a_dslr.3F_what.27s_a_.22mirrorless.22_camera.3F_what.27s_the_difference.3F)
* [Do I need a good camera to take good photos?](https://www.reddit.com/r/photography/wiki/buying#wiki_do_i_need_a_good_camera_to_take_good_photos.3F)
* [Is Canon or Nikon better? (or any other brands)](https://www.reddit.com/r/photography/wiki/buying#wiki_is_canon_or_nikon_better.3F_.28or_any_other_brands.29)
* [What can I afford?](https://www.reddit.com/r/photography/wiki/buying#wiki_what_can_i_afford.3F)

If after reviewing this information you have any specific questions, please feel free to post a comment below. (Remember, when asking for purchase advice please be *specific* about how much you can spend. See [here](https://www.reddit.com/r/photography/wiki/buying#wiki_how_do_i_specify_my_price_range_.2F_budget_when_asking_for_recommendations.3F) for guidelines.)

___

Schedule of community threads:

| Monday      | Tuesday | Wednesday   | Thursday | Friday | Saturday | Sunday |
| ----------- | ----------- | ----------- | ----------- | ----------- | ----------- | ----------- |
| 52 Weeks Share      |  Anything Goes       | Album Share &amp; Feedback | Edit My Raw | Follow Friday | Salty Saturday  | Self-Promotion Sunday

___
 
**Finally a friendly reminder to share your work with our community in r/photographs!**",0,70,1774605660.0,86
Photoclass 2026 has officially begun!,"While we normally start promptly on January 1st, I was feeling a bit Santa Clausy this year, and decided to release unit one early. Our *completely free* photography course has officially begun.

So, if you're one of the lucky ones who got a new camera this holiday season, or you've just been paitently awaiting the start of the new course, it's time to jump in!

I'll also add that the course underwent a complete overhaul this year. This is the course I've been wanting to build since taking over r/photoclass. 

#Here's the link to this year's first cohort: [Focal Point Photoclass 2026](https://www.thefocalpointhub.com/photoclass-2026/)

Looking forward to seeing what everyone does in 2026!",121,22,1766686927.0,37
Red skin tone epiphany,"I shoot a lot of events where the majority of attendees are middle aged guys who are overweight and drink a lot (tourism and hospitality industry), and I’ve been frustrated at how red my skin tones are coming out in the edit lately. It’s been driving me nuts adjusting calibration and selective color sliders, and then it hit me. 

The people I’m shooting have ridiculously red faces. They’re always slightly drunk, sweaty, overweight, I realized after actually looking around during one of these events without my camera that holy shit everyone is just beet red. Now I can sleep at night. ",34,12,1774729387.0,22
What parts of being a professional photographer isn’t talked about enough?,What isn’t talked about enough within the photography community?,41,93,1774706353.0,74
Had my first street photography confrontation today. Really sad.,"I was returning from a hobby shoot right after golden hour with my cam still in hand. I was walking by this shopping centre place and saw two women sitting on a bench about 10 meters in front of a massive, really bright sign chatting and laughing. The silhouettes looked nice as hell. I turned on the cam, took some shots but it wasnt anything special. Then a guy with a cigarette approached them who i presume is their friend and the shot got infinitely cooler. I framed his head into the ""o"" of the sign and you could see his cigarette smoking a little bit. I bet i woulda killed it in post. Overall came out a bit cyberpunky and moody. Then i see the guy literally rushing at me so i immediatley point my camera down and greet him. Hes pissed, obviously. I say that the group looked very cool and i loved the framing so i took some pictures, also tried to show him how i personally found the pictures really nice. He didnt listen and yelled at me, even while i was (very performatively) deleting the pics. Then i listened to his lecture about how all this illegal and hes gonna call the cops and he asked for my name and surname. I lied obviously. He was going to call the police genuinely but one of the women called out for him multiple times over the course of his tirade and he let me go. Im really new and ive only done like 4 sessions of street, but this is my first time having this and on such a cool shot as well. Probably was my golden shot of the day.
Had to vent about it.",344,782,1774637705.0,64
What are your macguyver gear fixes in the feild?,"Sorry to anyone who doesnt know who macguyver is. Basically here meaning to fix things in a pinch with random stuff you have lying around.

I'll give an example; one time I was out in the middle of a hunt documenting the story of Indigenous hunters. Lens suddenly descides to have electronic failure and doesnt want to talk to the body, wouldnt let me take photos or adjust anything. My macguyver fix? A small peice of paper between the lens and body elements when I mount the lens. Now it operates like a fixed aperture, manual focus lens. Wasn't perfect, but it saved the shoot.",10,14,1774697614.0,48
MPB friend referal code?,"Anyone able to share their MPB referal code?
UK-based please (and thank you).",1,0,1774737298.0,24
Switching printing services - Mpix to WHCC,"I've been using Mpix for printing fine art reproductions for the past couple years. After having a few issues with their service, I want to give WHCC a try. 

A couple questions: 

\- Which type of WHCC prints would be the closest match to the Mpix giclee semi-gloss photographic look?

\- How does WHCC package orders of smaller prints? Mpix packages smaller prints in the rigid paper envelopes and I've had issues this past year with these envelopes arriving bent. 

Thank you!",1,0,1774736786.0,42
Airline Wants a 'Really Bad Photographer' and it Might Be the Best Gig of the Year,,331,74,1774622469.0,82
Cheap LED lights,"hey everyone

I got some free reflectors from Neewer and I am now looking for some cheap LEDs to have some constant light for some photoshoots indoor.

the pics I want to take are of people and I wanted to start with some constant lighting since I don't really feel good enough with flashes.

so I am going for the constant lights (that decision is final).

thanks yall",1,1,1774734416.0,16
Artist Residency,"I’m considering doing an artist residency in a small coastal town on Vancouver Island and I’m trying to be intentional about why I’d go and what I’d actually make while I’m there. One reason I’m doing it is because it gives me time, space, and distance from my normal life and I’ll be in new environment that changes what I notice but how is that any different from a vacation? I guess I will have access to mentorship if I want it.

I shoot a mix of digital + 35mm film. I usually shoot portrait and events, so I’m used to reacting to things rather than building a focused body of work.

What I don’t want is to go all the way there and just… take photos the same way I do at home, just in a prettier location.

I’m trying to think through:

\- What kinds of stories/themes would actually make sense to focus on in a small coastal BC town?

\- How do you approach a residency in a way that leads to a cohesive project vs a random collection of images?

\- If you’ve done a residency (especially for photography), what did you wish you had done differently going in?

A few directions I’ve been considering:

\- Slow, small-town routines / daily life  

\- Working waterfront / fishing culture  

Would love to hear how others have approached residencies or longer solo projects like this—especially anything that helped you move from just “taking photos” to actually building something more intentional.

Thanks :)",1,0,1774733102.0,16
question about manual controls,"I’m pretty new to photography on a camera, and right now I usually shoot fully manual, I control ISO, aperture, and shutter speed myself.

But I’ve noticed a lot of people leave one of those on Auto, and now I’m wondering if I’m making things harder for myself for no reason.

Is it better to shoot fully manual as a beginner, or is it smarter to leave one setting on Auto?

If so, which one do you usually leave on Auto (ISO, shutter speed, or aperture)?, in what situations?,

and why?

I mostly want to learn properly, but also not miss shots because I’m overthinking settings.

Would appreciate beginner-friendly explanations.",5,27,1774680164.0,30
Does anyone else feel like their work would be received differently if someone else posted it?,"I’ve hit this weird place where I actually feel pretty solid about my work… but not how it’s received.

It’s hard to explain, but sometimes it feels like if the exact same images were posted by someone more established, liked or “known,” they’d get a completely different reaction.

Not even in an ego way...just like people would *see* it differently. Perhaps take it more seriously,  or engage more.

I’ve even caught myself wondering… if someone else at the same workshop or shoot I was at—or especially the person leading it—took my images and shared them, would they be received in a more positive light just because of who it’s coming from?

When I post, it can feel kind of flat in comparison, even when I know the work itself is strong.

I’m trying not to get in my head or spiral about it, but this keeps coming up for me despite knowing comparison is the thief of joy it’s definitely frustrating. it's like a sick branch of imposter syndrome I haven't dealt with prior. 

Has anyone else felt this?

Did anything actually help you move past it—whether mentally or in how you approach sharing your work? Would appreciate anyone's insights or perspectives. Thanks so much in advance. ",33,46,1774646138.0,94
"Common opinions seems to been ""Hard disks are cheap, just keep all the RAW files""... until the disks are far from cheap nowadays - has it affected to you?","Many many years I have read at least here on Reddit and maybe on other places as well that it is same to shoot RAW and store all the images as a RAW since hard disks are so cheap. As many of you might have noticed, things about the pricing of the hard disks have changed rather quickly for worse in point of view of the consumers.

Three years ago I bought 16 TB hard disk to my NAS and it was a 288,99 euros, but now when I check the price of that same disk on same place (tho not available anymore) it is 684,99 euros. Price difference is huge.

Personally I shoot now RAW + JPEG, use 99,9 % time only JPEG and keep RAW's on hard disk as a backup. JPEG photos of this year so far is about 46,7 GB, RAW photos is taking 50,9 GB but I have not yet copied all RAW photos to my hard disks. It is safe to say that so far in three months I have shot maybe \~110 GB. If I continue shooting this way it will be about 0,5 TB/year unless something changes radically. 

Since I still have lots of free space on my hard disks I have not yet needed to change anything on my shooting style. My number of shots are quite small (maybe 10.000 to 30.000 shots per year) so I can still keep all my images in RAW + JPEG, but how about you? Have you changed anything in your shooting because of price increases in hard disks? 

Some people seems to shoot lots of photos in burst modes and the amount of data what is generated is huge, so especially I am keen to know, have these price increases changed the way you shoot or at least store your images, and if so, how?

",51,79,1774636357.0,154
Film production stills photographers,"Hey all, wondering if theres any film production stills photographers here, any insights to your work and how you work around/within a film production (be it large or small) what does a typical day on set for you look like? How did you get into it? Is it the only work you do or do you work on other photo jobs/projects? Too many questions to ask! Just a curious fellow photographer who appreciates the stills that come from some productions… Thanks",8,15,1774665547.0,36
"Salty Saturday March 28, 2026","Need to rant about something in the photography world? Here’s your safe space to be as salty as you want without judgement.

Get it all* off your chest!

^(*Let’s just keep the personal attacks and witch hunts out of it, k?)

____

Full schedule of our weekly community threads:

| Monday      | Tuesday | Wednesday   | Thursday | Friday | Saturday | Sunday |
| ----------- | ----------- | ----------- | ----------- | ----------- | ----------- | ----------- |
| 52 Weeks Share      |  Anything Goes       | Album Share &amp; Feedback | Edit My Raw | Follow Friday | Salty Saturday  | Self-Promotion Sunday",2,0,1774692048.0,29
Ugh just deleted a ton of RAWs being careless. I blame MacOS lol.,"Kind of blame MacOS but it's definitely my fault for not double checking I had everything copied before clearing the memory cards. From what I understand, MacOS doesn't clear the memory on the cards unless you empty the trash. So I copy photos over, delete from card, and then empty trash so I have full space in my cards next shoot. Well I 90% of my RAWs didn't copy over, and I didn't notice until it was too late. 

I just switched to a dual memory card camera a couple weeks ago and use slot 2 for HEIF backups so not all is lost. Thankful I got that setup otherwise I'd be completely fucked lol. 

Lesson learned, and I'll be making changes to my process going forward. ",0,21,1774717683.0,65
Watermarks,Hi I am an amateur photographer and I would like to know how to make a watermark ,0,1,1774701617.0,10
Long term storage of Family pictures,"Hello there,

I wish to preserve childhood memories of my kids. How do you suggest I go about doing that.

Currently, I have 1 HDD storing all photos organized in folders. I have a mirror of the HDD as a back-up.

 I do back-ups every quarter.

Do let me know what needs to improve.

Thanks

",12,15,1774617680.0,36
Photography focused trip to Berlin and Prague?,"Hello, I am planning to spend a couple of days in both Berlin and Prague soon. 

Do you have ideas on where to go get some off the beaten track photos? Tips to get memorable pictures. Or if there are paid photo walks or tours (not too expensive though).",3,6,1774642550.0,46
Debating if I should do this shoot. Advice from fellow photographers welcome!,"Hi! little bit of context. I'm a photographer and over the last year have specialised in maternity photography and unique artistic maternity photoshoots. This means I've done some quite different shoots. From typical very sweet family photos to boudoir to a maternity pin up photoshoot. 

Anyways. I'm usually really open and up for anything. This week I've had a request from someone who is a reserve soldier and would like a military themed maternity shoot of her in uniform showing off the pregnancy. Now this sounds like it shouldn't be a problem but I'm very anti-war and would probably identify as a Pacifist (to a certain extent)

Now the moodboard she's sent looks really cool and creative but by adding that to my portfolio am I coming across as embracing the military or creating propaganda? I want to offer the best creative shoots but I don't know if this one gives the wrong impression. Would love some more opinions while I figure things out in my head

UPDATE. After reading some comments and talking with the mum to be I've settled my debate. We'll be going ahead with the shoot but even she's admitted the use of guns ect doesn't feel right with the current state of the world. So we'll be shooting.her in the uniform and then some other outfits to make up for the compromise. ",0,18,1774683241.0,77
photography subcultures shoots,"Hi everyone, I'm a photographer based in the UK (mainly Gloucestershire and sometimes Manchester) and I'm trying to progress my project photographing interesting subcultures of people e.g. skaters, bikers, punk, mod, people with unique hobbies and lifestyles essentially.  In short my deadline is April 27th and I need some new subjects to shoot; If anyone has any location suggestions I'd greatly appreciate it! Thank you.",2,2,1774639926.0,30
Advice Needed for an upcoming event,"I'm doing a small little gathering event with about 50 to 70 people. The space where I'll be doing the main shots at is an open floor, think of a dance floor at a club. low light and people dressed with funny hats and or maybe costumes. it's a birthday party. I don't believe I'll be able to use flash. I'm not sure yet so it's not part of my planning for it. But, I was thinking it would be fun to take wide angle / fisheye style journalistic photos. where 3 feet you could see distortion but at 5 feet the distortion would be minimal to the ends of the frame. 

I have a canon 80d and a fujifilm x t20 I could use. 

I found some sample images I like but they're using a Canon EF 8-15mm f/4L Fisheye USM Ultra-Wide Zoom Lens. with an f4 I don't think the images will turn out well in such low light. and I don't know that I want to spend that much money for a lens I'll only use a few times. 

I was thinking the Meike 7.5mm F/2.8 Large Aperture Ultra Wide Circular fisheye Lens Manual Focus might be the best thing to use. bummed about no autofocus but its okay, I can do zone focusing. 

so, I'm really thinking out loud. Do you think the Meike might work for what I'd like to do? or do you have any recommendations or different points you think I should consider?

Here's an example of the type of fisheye images I'd like to recreate. the photographer uses the canon lens I mention above. Tips on using a fish-eye lens - Tangents https://share.google/22Cn8a7tFTaX67hui",2,2,1774639866.0,35
Lens hoods,"Hi, I just bought the 16-35 ef lens. And the lens hood is huuuge! Do you guys have any tips around where to store it when not in use. It doesn’t quite fit in my bag.",10,18,1774605001.0,10
Do you give friends/family a disclaimer about using your work?,"First of all, I am not a professional. I have done one paid shoot, one free shoot (both graduation, free one was my sibling). That’s it. But all of my friends know that this is my main hobby. Recently, I got a save-the-date for a friend’s wedding and I flip the card to see a photo of the couple that I took. Never got any notice and they definitely didn’t ask. No credit either, which would be normal, if they had done a paid shoot with someone.

On top of that, I took the photo on an instant camera and whenever I take those, I scan them and send the scan to the people in it. Since I’m just doing it for fun, I send them on iMessage so there’s compression. The quality of the image isn’t great on the card.

Am I wrong to feel a little weird about this? I will not ask them for payment or credit now, but do any of you have like, IDK verbal agreements with friends about this kind of stuff? To be fair, even if they had asked, I would not have said no. But I definitely would have ensured they at least used a file that would show the workmanship correctly. I would even have rescanned it and did some more editing.  

  

Edit: I already stated I am not going to do anything about this. So I am reiterating that I will not be bringing it up (and I don’t want to), I am not going to be weird about it to them, I’m not seeking a resolution, and I will enjoy their friendship and the wedding. ",0,20,1774673873.0,62
Underexposing raw pictures,"Hello, I saw somewhere that suggested to underexpose raw images by 1-2 stops to protect highlights. Are there any exceptions to this rule? Should I actually do this?",30,77,1774570223.0,26
Any opinions on the Sirui AM-225 tripod? (bought by mistake),Hi! I just managed to somehow buy the Sirui AM-225 tripod by mistake when scrolling around on amazon looking for deals... id been looking at this one as a contender but hadn't actually had time to do research. was checking the shipping cost and accidentally clicked continue or something and placed the order... what are ur opinions? trying to decide if I should cancel the order or not. I did get a pretty decent deal for 108€ and free shipping tho.,3,10,1774607886.0,60
F mounts not fitting,"Hello everyone, I'm a beginner photographer and recently bought a Nikon D3000 and a Sigma APO DG 70-300mm Macro lens which supposedly share the same mount type. However when I try to fit them together the insertion parts just don't go into each other, in fact the lens feels too big to work despite being compatible on every website. Please help me with this issue 😓",17,3,1774570018.0,20
How to replicate Cure Hydration (stylized flat lay),"Hey all, 

I've spent a few days now trying to replicate the fruit photography on cure hydration packs. I'd love any advice on replicating, I can't work it out. (It's gorgeous)

I've been using a naked strobe and some bounce cards. I also tried shooting at a slight angle \~70degrees instead of 90, but I can't match the light and feel of it. 

Is the style heavily post processed? 

I know there's definitely a skill issue on my side, but I'm hoping to understand if I'm missing a technique or approach to making macro fruit vibrant like that.

I'm not a pro, just a new enthusiast. my gear is 100mm Canon macro, and r10.",5,4,1774588794.0,51
"Follow Friday Thread March 27, 2026","**Let's show each other some support!** Use this thread to share your own social, and find other photographers. 

* If you post your stream, please take a look at other people's streams!
You can give us your Instagram, 500px, Flickr, etc. etc. and remember you can edit your flair.

* Be descriptive, don't just dump your username and leave! For example a good post should look like this:

&gt;Hi! I'm @brianandcamera. I mainly post portraiture and landscapes, but there's the odd bit of concert/event photography as well.

&gt;I'll follow everyone from /r/photography back (if I miss you, just leave a comment telling me you're from Reddit!).

Check out and engage with other /r/photography people! Community is what it's all about!

____

Full schedule of our weekly community threads:

| Monday      | Tuesday | Wednesday   | Thursday | Friday | Saturday | Sunday |
| ----------- | ----------- | ----------- | ----------- | ----------- | ----------- | ----------- |
| 52 Weeks Share      |  Anything Goes       | Album Share &amp; Feedback | Edit My Raw | Follow Friday | Salty Saturday  | Self-Promotion Sunday",2,5,1774605665.0,35
Photographers of Reddit: how do I find the right photographer?,"I don't know a lot of photographers, but I am looking for one. How would you recommend finding a photographer with the specific expertise I am looking for: a renaissance themed photoshoot.

When I say renaissance I mean in the sense of a renaissance faire - lord of the rings style, LARPiness fun, witchiness and wizards welcome, vikings ahoy, damsels be damned, battle armor accepted, but mostly just some good old early English renaissance fun. People can wear traditional renaissance clothes and/or mix in a little fantasy as people tend to do at renaissance faires.

I have never done a photoshoot so I don't know how this goes, but was considering having a renaissance themed event and that it would be fun if everyone could get pictures while in unusual attire. Families or friends could pose with each other in clothes they don't normally wear and just have fun for a moment. I don't know if photographers usually have ""backgrounds""  besides plain school photo style backgrounds or amusement park western photo fixed background scenes. Perhaps I could help make a backdrop, or we could use a nice natural background like a forest? I  have been trying to look up clothing rentals- so even if people dont want to purchase renaissance wear they could rent at the event, which would make taking photos easier and fully themed.

My question to you is - how do I find someone who would want to do this, and would actually take nice photos? Get the lighting right, be kind to friends and family, help people out with poses or garb adjustments as people likely won't know what would look good. Any advice welcome, even if this just sounds dumb, feel free to tell me - I am just struggling to find photographers who might even consider this or have a portfolio that would indicate they might be good at this? 

please help.

",8,5,1774575983.0,62
"Do disposable cameras still have the same ""look"" today that they had in the 90s?","I'm going on a ""low-tech"" date with my wife, and we'll be picking up a disposable camera from Walmart. I have experience scanning negatives, but none that have been taken in recent years. Can I expect that same nostalgic ""look"" in the developed images of a modern day disposable camera that we all miss from the 90s?",8,31,1774575499.0,80
The wex grading system,I'm considering buying a grade good 8 lens from wex and I'm just trying to wrap my head around what that exactly means and if there is really anything I should be concerned about before buying it l. Also I would like to here about other peoples buying experiences with wex and how they usually deliver the packages.,1,6,1774611870.0,22
Just starting out with photography,"I have a Nikon D3200 with 18-55mm, 55-300 and 55-200mm lenses. The goal is to do enough photography work to save up for a newer and better camera. I'd love to do family, maternity and birthday photography and work up to being able to offer weddings. How do you offer services and practice shooting without a studio or the ability to shoot outside due to weather? I will have some plain backdrops in a month or so but would like to start somewhere in the meantime. Should I suggest inside their home? It be a free session so I can get practice with working with my camera, people and editing skills. ",5,8,1774573800.0,34
Self portraits with timer (NikonZ),"Hi all! How do you take self portraits? And is anyone able to take them at high aperture? f/1.8-f/4? 

I tried to use SnapBridge and focus on my phone, very weirdly the camera thought it was focusing, but the pictures were blurry (with eye tracking AF and a godox ad400). 

I finally managed to take self portraits by using the timer - I focused on a light stand and then placed myself in the same area. But there’s a trick - I could only do it at f/8 or higher numbers (low aperture). I am really curious if there is any way of taking self portraits at high apertures - how to get focus? 

Thank you! ",0,13,1774597438.0,34
"I’ve been shooting portraits for a few years, mostly with natural light, but I’m trying to step up my game for professional work.","Hi everyone! I’ve been shooting portraits for a few years, mostly with natural light, but I’m trying to step up my game for professional work. I struggle sometimes with getting consistent, flattering lighting on different skin tones and backgrounds, and I’d love some insight from experienced photographers.

What’s one technique, piece of gear, or lighting setup you consider essential for achieving clean portraits every time?  tips on balancing natural and artificial light!",16,11,1774538254.0,129
Avoid strapnstyles camera straps,"This is only about their leather straps, I can not speak for any other products.  
  
It's simply very low quality. The back side is rough and papery, the edges are sharp and unfinished, and the grain looks like an artificial stamped pattern rather than natural leather.

The rings are too small, so they are squeezing the leather, making them impossible to spin without a tool which is not how I would like to install them on my camera and accidentally scratch it.

The Chicago screws are too long, so they don’t press the folded leather ends tightly together and instead protrude. Besides looking cheap, they can easily get caught on something. In the product pictures, this is not the case, and in general the leather looks different there.

Also, they delete bad reviews.

  
If anyone can recommend me an actually high quality, soft leather strap around 50€ with availability in europe, I would appreciate it.

Cheers",12,5,1774538496.0,32
Canon Camera Connect compressing image quality,"I've noticed that the Canon Connect app seems to be compressing the quality of my images, they look crisp and in focus on the camera and subsequently on the night of my shoots but when I'm exporting them onto the ipad ( please no hate, it's all I can afford) the images aren't looking as good.... any advice?",0,5,1774586164.0,46
Advice for photographing sad/somber events?,"I’ve recently been asked to help photograph a somber event with a lot of people, and I’ve realized that because most of these are quiet events, there isn’t an easy way to take photos without looking/feeling like a jerk because I’m literally capturing very difficult emotions. Have any of you guys done an event like this and if so how do you manage the tension of getting good photos and respecting the situation?",42,33,1774497896.0,43
This NatGeo photographer took a road trip on Maine's Route 1 and made a film about it.  It will be on Maine Public TV this week.,,85,1,1774469043.0,128
Rebecca Rose Fine Portraits - Good company to work? Any opinions?,"Hey! I'm currently going through the hiring process with Rebecca Rose Fine Portraits. I just want to know what the company is like for its employees, because I've read a few reviews here on Reddit—some from clients and a couple from employees—and I'm not really sure if it's a good company to work for, or if these are just isolated incidents involving a few people.",1,2,1774554188.0,65
Old world charm interiors? - NYC/NJ/CT/PA,"Any old world estates in the tristate area, or PA, that would allow photo sessions inside? (with a permit of course) Looking to do a “Bridgerton” style session.",0,2,1774548611.0,41
Photography Websites?,"What are some photography websites that people browse these days to stay up to date in photography or just innovative creative imagery in general? of course there's instagram. When i was really in to photography I would search petapixel , flickr? sites like erik kim come to mind? but, are there any others ...can be blog style etc just curious. 

  
i would love to see especiially for film mediums.. open to any suggestions ",0,13,1774542490.0,21
8x6 Slip in Photo Album??,"Hi All, im trying to find somewhere that sells a photo album that fits portrait 8x6 images what i can slip in to a plastic wallet. Im looking for one image per page. I have searched everywhere but cannot find anything for this size that allows the images to slip in rather than glue down. Does anyone know where I can get on?? I am based in the UK. Thanks in advance!",0,0,1774550404.0,25
Should I use light or dark backdrops?,"I am wanting to take some photos for a party using a backdrop and soft boxes. The backdrop will only be able to fit around 5 people, and I wont be able to have the subjects standing far from the backdrop, they will most likely be standing close to it. 

I am thinking of using a dark backdrop and creating ""photobooth"" like photos, they'll be using props

I also had an idea for them to use their own phones on a ringlight stand. 

The photos will be taken without natural sunlight. 

Would using a dark or light backdrop make the most sense for this? ",0,4,1774536006.0,37
"Weekly Edit My Raw Thread March 26, 2026","In this thread, use top level comments to post links to your own raws for other people to edit, or link to any freely licensed (CC or public domain) raws that you might find interesting. If you post your edit anywhere, be sure to credit the original photographer. 
Reply to others' comments with your own edits of the images!

___

Full schedule of our weekly community threads: 
 
| Monday | Tuesday | Wednesday  | Thursday | Friday | Saturday | Sunday |
| ----------- | ----------- | ----------- | ----------- | ----------- | ----------- | ----------- |
| 52 Weeks Share | Anything Goes  | Album Share &amp; Feedback | Edit My Raw | Follow Friday | Salty Saturday | Self-Promotion Sunday",2,0,1774519251.0,40
When is critique actually appropriate?,"I’ve been thinking about critique culture in fine art photography spaces.

There’s often an assumption that posting an image = asking for feedback. But in most fine art contexts I’ve worked within, critique is invited or happens in defined settings, otherwise people engage more interpretively.

Online, that line feels blurred, and feedback often jumps straight to evaluation without first trying to understand the intent behind the work on its own terms.

What’s your take?",25,104,1774459104.0,38
Do you regularly include a disclaimer that your photos are not AI?,"I just shared a portrait that was 100% just solid photography and lighting and the first question was “was it AI?”. It’s really sad. 

Yes you can make a low effort ai slop portrait out of a cell phone pic, but I’m not in the business of doing that. Do you regularly mention these days that your photos are not gen AI when you share them?",0,38,1774519291.0,66
How do you plan photography trips when you have a full-time job and family?,"I love photography, and I try to go out near my house whenever I can to take photos. However, it’s extremely difficult since both my wife and I work full-time, and we have an eight-year-old son. Finding the time for a full day dedicated to photography is especially challenging.
How do you all find time for photography? How do you decide where to go—city or countryside? How do you plan it? Any help or tips would be greatly appreciated.",31,42,1774450425.0,75
"Most photographers don’t need better gear, they need better taste","Every time I see “should I upgrade?” posts, the answer is almost always **no**. People jump from body to body chasing sharpness, low light, autofocus… but the photos don’t actually get better; they just get cleaner.

Meanwhile, the biggest gap is usually composition/ subject choice or editing restraint. Not megapixels.

Weird to see beginners dropping thousands $ on gear before learning basics is a pretty common pattern. If your photos aren’t interesting now, a new camera won’t fix that.

Curious how many people here actually saw a real improvement after upgrading vs just feeling one?",885,389,1774382610.0,65
Suggestions for men's erotic/boudoir photos,"I'd like to get erotic/boudoir photos done of myself.

I'm not really sure where to start. 

I'm assuming clothes and any kind of make up would be up to me to provide. 

are there certain types of clothes that look better for this kind of thing?

I was looking at stuff from orttu for some options.

I understand there are different types of men's styles. like more dom or sub. and I would be down for any of it tbh.

any suggestions would be amazing.",52,57,1774433997.0,43
Photo authenticity in the age of AI,"I’ve been thinking about how photographs are perceived by audiences in the age of AI.

It’s become very easy to dismiss an image as AI-generated, like [this one showing asperitas clouds](https://www.reddit.com/r/interestingasfuck/comments/1s3202m/these_are_known_as_asperitas_clouds/), but confirming that a photo is genuine often requires prior knowledge or context that most viewers don’t have.

Are there any established standards or best practices photographers can use to assure their audience that a digital photograph is authentic?

As a software engineer, I tend to think of solutions such as public key cryptography. However, this is not something most people are familiar with. It could still allow a more technical audience to verify that a photograph, including its EXIF data and possibly a thumbnail render of the raw image from the camera, was signed by the photographer and has not been significantly altered (except color corrected) since capture.",33,67,1774431681.0,35
How to shoot MMA?,"Hi all, I’ve done some sports photography like paintball and rock climbing but I got an opportunity to shoot a whole day of MMA. What are your basic tips and tricks? 

I plan on shooting with my 70-200 f4 lens. Canon rebel t7i as my body. Thanks for the help!",6,19,1774452293.0,17
Focal length effects,"Something I've been trying to understand for a while now. What does focal length actually do?

Of course, I understand the narrower field of view of a longer focal length, but imagine for a moment your sensor had infinite resolution. If you were to frame a portrait with an 85mm lens on full frame, and then from the same position used a 50mm lens of the same aperture and then cropped using your infinite resolution sensor so the framing matched, would there be a difference between the two images? Is the longer focal length affecting DoF or is it just the subject distance?

And in a similar scenario, if you had a medium format camera (of the appropriate size) with an 85mm lens and a 35mm sensor with 50mm lens so the FoV was the same for both, and with apertures set to provide the same DoF and you took two images from the same position, aside from 'quality' differences potentially afforded but the MF sensor, would there be any difference? Does the longer focal length lens have any inherent properties that would render the scene differently? 

Thanks to anyone who can help answer this for me. ",3,60,1774469406.0,20
Switching ink in Epson ET-3750 to work oh photo paper,"I have an Epson ET-3750 printer with refillable ink tanks. I would like to use it to print on glossy photo paper, but every time I do so the black refuses to set, and smudges off easily. The colors set fine. 

Doing some digging this seemed to be because the black that comes with the printer is a pigment rather than a dye? Or a pigment that doesnt stick, but some pigments can be made to do so?

I'm looking at flushing the tank and replacing the current ink. What criteria should I be looking for to ensure that the replacement ink will 

A) Stick on gloss paper
B) Not foul up my printer

Thanks!",3,4,1774453776.0,53
Photography Discord! not the place for dry humour.,"So I recently revived my Discord account (don't worry It lasted all of 2 days) and decied I'd join a few photography Louge's (servers?) they seemed like a chill place a first so, I answered a few newier photographer questions (whilst I do making some income off photography, I'm not very techical in any of my terms), One was About lens flare filter vs UV filters (I didn't know filters were such a contested topic).

Anyways I bought a few a while back because they came with my 'new' lens from an estate sale. I also recommend using bicarb soda paste to remove superficial scratches.

Anyways, I posted a few memes as a reaction to someone's joke question about using the bicarb method to clean their camera sensor, I was then promptly told to stop ""posting shit teir memes"" which is fair, but like really? So I instagted as any Aussie blood does, (I was gonna delted the memes), I was then muted for 8 hours, so I sent a message asking for the reason, and the mod basically said it was for my ""shit tier memes taking up the chat"" (fair). Anyway, Instgated, who gets muted on Discord for memes?

Me, apparently, so I migrate to another Discord to wait for the cool down and go about asking real-life questions, such as where to get camera parts for my paperweight. Only to find the mods from one server live on the others too, so I complain a lot (who gets muted for the memes?).

Anyways, I'm banned from a Photography discord chat for the memes and ""not fitting their community"", I guess! Idk, I think it's just a generational gap, but who knows (if they asked me seriously, I would have removed the memes)

So this is my warning: if you want to find a community on Discord, think twice (I've deleted my Discord). I don't really live in a big town, so I was hopeful to get advice and points on my Photo projects, but as always, community isn't my strong suit.",0,13,1774534276.0,50
Male photographers taking photos of your gf/wife/partners how do you do it?,"Meant to be a fun topic. 

Most of the time she wants me to use the phone's 23mm or 12mm focal length (makes her taller apparently) and makes me question my entire photography skill/knowledge (that perhaps is inexistant?) as it usually takes so many pictures to get it right in her eyes while I do have no issue finding the right lighting and angles and shooting nice 50/85mm portraits she finds too compressed and close up... Sigh what should I do? 😊",0,18,1774508453.0,75
Need advice for shooting in the rain,"Im going up to scotland in a couple days and I think its going to rain for most of the time im there. :(. Apart from using an umbrella im not really sure what to do to keep the rain off of my cameras. An umbrella seems good, until I use a camera with manual focus. Then it's awkward.

I have a kiev 88 and canon eos 600D im planning on using so I dont think it will be quite as simple as buying one of those bags I put over the camera. Especially considering the kiev is shaped like a brick.

If anyone knows any good products or advice on what I can do to keep dry, please let me know. I would appreciate any and all advice on the subject. Thank you :)",2,12,1774450496.0,36
I didn’t realize moisture could quietly ruin your stuff like this,"I always figured if you broke your electronics or gear, it’d be obvious. You drop something, it snaps, and that’s that. Turns out, it’s not always so straightforward.



I was chatting with someone who brought up how moisture can slowly wreak havoc without you even noticing. Not all at once, but bit by bit, lenses start fogging up, electronics get glitchy, things just don’t work like they used to.



Honestly, the worst part? Most of the time, you don’t even realize it’s happening.



That’s when I first heard about dry boxes. At first, they sounded kind of over the top. I mean, really? A dedicated box just to store your stuff? I didn’t get why it mattered. But the more they explained, the more it clicked. It’s not just about tossing your gear somewhere, it’s about keeping moisture out so your things don’t slowly fall apart while you’re not paying attention.



Now, every time I look at my stuff, I wonder what might be quietly getting damaged.



Of course, once I got curious and tried to do some research, it wasn’t as straightforward as I hoped. Some dry boxes seemed legit, a few looked pretty sketchy, and most listings didn’t explain much, especially when you’re scrolling through those endless online shops where everything just blends together, even on places like alibaba, it didn’t really help clear things up.





Still, I can’t shake the idea. It’s one of those small things you overlook, until you realize you probably shouldn’t.",0,9,1774522679.0,65
Lighting suggestions for shooting amateur runway at department store,"I will be shooting an amateur runway show at a department store this weekend. The lighting is really bad, so I am looking for any suggestion how to light the runway.

I was thinking two speedlights left and right of me. One problem I am not sure how to deal with is the difference in exposure whether the model is in the far back or the front. How can I compensate? Or should I use a different setup?  
  
Here is a photo I was able to get on how the location will look (https://imgur.com/a/ww7LQGn). Not sure if there will be a raised runway or not. Based on the photo it looks like the photographer on that day used a small softbox and a speedlight into the ceiling.",19,13,1774389652.0,68
Photographers with similar style!,"Hello! I am an artist and I’m looking for photographers similar to Dmitri Pryahin; I love taking inspiration from pictures and I have found his style to be very similar to my drawings and I’m looking for photographers with similar style, compositions, subjects etc. If u know some or are one of them feel free to leave your recommendations, portfolios links, etc Thank U!",6,0,1774404243.0,33
Why higher aperture for Astro?,"Hi everyone,
I’m getting into astrophotography with a Nikon Z 6 III setup and I keep running into something that feels like a contradiction — maybe I’m missing something obvious.

From everything I’ve learned so far, faster lenses (f/1.4, f/1.8) should be better because they let in more light. That should mean lower ISO, shorter exposures, and overall cleaner images — which sounds ideal for astro. Especially when you have low light like for Andromeda (thats my goal).

But then I see a lot of recommendations (even “premium” ones) pointing toward f/2.8 lenses — especially zooms like a 14–24mm f/2.8 — instead of much faster primes.

So here’s where I’m confused:

- If light gathering is so important, why not always go for f/1.4 or f/1.8?
- Why are some f/2.8 lenses considered better for astrophotography than faster lenses?
- Is the trade-off mainly about image quality (coma, sharpness, etc.) at wide apertures?

From what I understand, a lot of very fast lenses don’t perform well wide open and need to be stopped down anyway — sometimes close to f/2 or even f/2.8 — which kind of defeats the purpose of buying a super fast lens in the first place.

So is the real priority something like:
image quality (coma correction, edge sharpness) &gt; aperture speed?

Wjat you think ist best for low light Performance (Andromeda / Milky Way)

Thanks!",58,50,1774339291.0,30
"After 20 years, I finally get it!!","I’m hoping this fits within the subs guidelines, because i just had to share this win with fellow photographers.

I started taking photos and really getting into the art of photography around the age of 14. I quickly became obsessed, did several photography summer camps, eventually graduated college with a minor in photography and even sold a good chunk of my best photos for a few jobs. In the most humble way possible, I truly have a talent and it’s what i love to do the most.

Editing has always been tedious, yet still rewarding. Admittedly, it took until college to realize i was putting in 5x the amount of effort in solely photoshop, rather than lightroom AND photoshop. Fast forward to this year, and i shot my friend’s engagement. I used my fiancés laptop to redownload lightroom/photoshop and i just could NOT get into a rhythm. I was losing my mind. Then one day, accidentally via chatgpt, i discovered that Lightroom Classic was the interface I was way more familiar with. I finally reached a flow state!

The best part of it all? I FINALLY UNDERSTAND MASK LAYERS. Mind you, i’ve been using layers since college- looking back, I guess i just did what i knew i needed to do, but it never fully “clicked”. Out of nowhere this week, it’s like i had an epiphany!!! It sounds so redundant to talk about exactly what masking does/provides… and i can’t believe it took me this long!!!! My love and obsession for photography and editing has returned. I’m so so happy. I just had to share this with someone. If you made it this far, thank you for taking the time to read about this small win!

(Now if only i could finally memorize aperature/shutter speed, etc specifics and how to balance them depending on the shot🤣)",75,13,1774317566.0,34
How did they make it work…,"Joel Meyerowitz, Garry Winnogrand, Saul Leiter, Fred Herzog, Henry Wessel Jr., Helen Levitt, Mary Ellen Mark, Joel Sternfeld, Walker Evans, Robert Frank, Todd Papageorge, John Divola…the list goes on. It occurs to me, I’ve never once read or heard an interview with one of the greats where they speak about the financial adversity and adversity in general they faced in devoting their lives to this art form. Photography is all consuming, now more than ever before—but it had to be like that then too? The most I’ve ever seen is Walker Evans talking about how he couldn’t pay rent for a year and crashed with Berenice Abbott. Anyone have any good anecdotes or interviews they could link? Garry Winnogrand must have been so broke…he said he shot 7-800 rolls of film a year. Obviously it was much cheaper then but still. I’m just looking for something to make me feel less awful about being 15 years into this insane obsession/disease and financially having nothing to show for it.  ",64,78,1774318381.0,26
Focus stacking,"I recently got into photography more specifically macro photography because I love taking pictures of nature and insects and what not. Ive seen and read about focus stacking but not sure how to approach it? 

Anyone with experience focus stacking or knowledge that can give me solid pointers or point me in the right direction of how to go about it. 

Just take a bunch of pictures of the same subject and load them into a focus stacking program and that’s it? 

If so what are good programs and all that. 

Set up is 

Canon EOS Rebel T3i w/ Canon EF 50mm f/2.5 lens 

Any pointers on photography in general would be greatly appreciated! ",17,34,1774329576.0,14
Highschool Baseball Tournament Photography,"Professional photog working mainly in portraiture, events, and interiors, and recently had a client mention shooting local showcase baseball tournaments they help organize. What is the money like in this?


I'll need to talk to them again because it was unclear if they were wanting to hire me to do publicity (in which case I would just charge my hourly) or if they were offering access thinking my sales to players and parents would be worth it enough to let them have publicity for free, or they would purchase photos for publicity as well. Does that even exist? 


My immediate thought was culling, light edits, and sell 4x6"" or social media-sized digitals to teams and parents on something like SmugMug—maybe $5 per(?), but I'm also thinking the novelty will wear off pretty quickly. I'm not trying to do it full-time or in any way that's stable, just trying to get an idea of what it might be worth. If I could make $100 per game, that might be alright.


Also, what's the image permissions like on something like this? With kids? I'm assuming it would require a waiver of some sort signed by each team before entering the tournament. Would I need to have my owned signed to sell images back to their subjects?",0,8,1774386494.0,42
"Weekly Anything Goes Thread March 24, 2026","**Show off cool photography-related stuff you've created or experienced or any general discussion you'd like to have with the community in the comments of this post! We want to see and discuss your pictures, albums, videos, website... anything, really!**

Don't forget that /r/photographs is available all week to post single images for sharing and feedback or critique. 
____
**Weekly Community Threads:**

Watch this space, more to come!

| Monday      | Tuesday | Wednesday   | Thursday | Friday | Saturday | Sunday |
| ----------- | ----------- | ----------- | ----------- | ----------- | ----------- | ----------- |
| 52 Weeks Share      |  Anything Goes       | Album Share &amp; Feedback | Edit My Raw | Follow Friday | Salty Saturday  | Self-Promotion Sunday

**Monthly Community Threads:**

8th | 14th | 20th 
:--------:|:--------:|:---------:
Social Media Follow | Portfolio Critique | Gear Share",3,3,1774346444.0,42
Time lapse,"I’m looking to capture a time-lapse of a theatre show being set up (full get-in/build, ideally from empty stage to show-ready), and was hoping for some advice from people who’ve done similar.

A few things I’m trying to figure out:

Apps/software – Are there any good apps for managing long-duration time-lapses? (Preferably something reliable over several hours or even days)
Camera choice – Is a DSLR/mirrorless essential, or can a phone handle this well enough now?
Power setup – How do you keep everything running for long periods? (Mains power vs battery packs, etc.)
Mounting/positioning – Any tips for keeping the camera stable and out of the way in a busy theatre environment?
Interval settings – What kind of interval works best for something like a set build?

Also, if there are any common mistakes or things you wish you’d known before doing your first time-lapse, I’d love to hear them!",12,7,1774313569.0,10
Free Photography Shoot Along on 03/28 - YouTube Live,"Hey photographers!

I wanted to invite you to an upcoming YouTube Live, totally free, geared towards teaching shooting techniques in real time. There will be four professional photographers hosting, Jared Platt, James Patrick, Mark Wallace, and Kersten Luts.

They'll be covering everything from demonstrating lighting setups, creative techniques, and problem-solving in real time. From setup to final image, this class encourages recreating that image right where you are - in a home studio, classroom, or even full professional space.

You can get notifications turned on below, or just hop in the day of!

The show starts at 4pm ET on Saturday, March 28th.

[https://www.youtube.com/watch?v=J1bI\_WO34\_w](https://www.youtube.com/watch?v=J1bI_WO34_w)",13,11,1774280072.0,52
Tips on camera care when traveling to a cold country,"Any tips on how to care for my camera when traveling to a cold country? 

I’m traveling to a cold country soon. I stay in a tropical country so it’s hot all year long. I don’t really have to worry about lens condensing. Except from when entering and exiting a room with AC. 

My previous experience with my old lens after coming back from a cold country was that it fogged up internally after my trip. Maybe I didn’t took care of it properly, like air it properly after use and housed it in my camera bag the entire trip.

What’s the best tip for a case like this? Cus i don’t wanna risk ruined a good lens. Any tip is greatly appreciated.",29,22,1774263855.0,52
How do I clean a picture printed on Baryta Prestige Paper?,"Hi everyone! 

I have this beautiful picture printed on Baryta Prestige canson paper and glued on aluminum that has some sort of dried sticky residue on it. It's not sticky now, and I was wondering how I could clean it. 

Do you think water is enough or it will melt the ink used to print the product? I don't have details on the ink used...

Any suggestions is good to me!

  
thank you for your help!",7,2,1774283242.0,58
"Out of the photographers you have met in person, how many do you believe ran full time legitimate businesses?","Ive been thinking about this as Im doing my end of year finances and came across all of my gear sales and purchases. Very very few people I have bought or sold from want me to draw up receipts and/or proof of sale/purchase type things.

And most of those people are, like me, videographers first and photographers second. 

Which led me to try to think about all the people Ive met in my \~16 yr career who were verifiably full time professional photographers.  Very few, it seems.

Just an interesting observation ",0,29,1774349930.0,109
How to Shoot People Photography - Engagement Party,"My best friend asked if I would be willing/able to do photos for her engagement party. In her culture, this is where they will be exchanging the rings and there will be family and friends there to celebrate. I said yes since it’s a small event and she mostly just wants pictures of her and her fiancé. 

I’m an amateur photographer and mostly like to do nature photography but have done a few shoots for close friends/family before. However, those have been posed photos and since I am close with them, it has been easy to do since it’s mostly chill shoots with one person in one location. 

I’ve done posed portraits before too, but am unfamiliar with doing event photography. My best friend knows I’m an amateur and is not expecting anything professional level, but I want to do my best to capture the special day. 

I was hoping to get tips for event/couple photography. I’m especially concerned with capturing their reactions to the rings, since I have a DSLR and therefore slower shooting. It’s a Canon Rebel T7 (I know people have their opinions on this camera but like I said, I’m a beginner and amateur photographer so it’s what I’ve got and can afford right now). 

I also would ideally like to use the Live View mode since I’ll have makeup on for the event and don’t necessarily want to use the optical viewfinder, but for some reason it feels like the image quality isn’t as good when I use the screen for that. 

If anyone has experience with this kind of photography and can offer advice, like what settings for shooting in manual (if that’s the best for this) are ideal, if I should shoot in raw or jpg, or general tips and tricks etc., that would be appreciated! 

Thanks! ",3,6,1774292519.0,50
Using Polarizing Sheets,"Hi everyone! Looking for some advice. I am shooting photos of framed artwork in a gallery and studio space. I use a polarizing filter on my camera lens, as well as a polarizing sheet over my light/softbox. I've only been able to find rolls of Polarizing sheets in 17"" wide strips. My softbox is a bit wider, and when I lay my polarizing sheets over it there is a seam. I'm wondering if anyone has found any solutions to the seam? The best I have found is laying another smaller strip of polarizng film over the seam and securing it with black gaf tape (photo in comments for reference). I'm sure there's a better solution, any ideas? ",6,23,1774274084.0,23
Missed opportunity - Help me cope,"I took a break from work today and decided to take a walk around downtown. I was doing my usual, taking strange photos of things that caught my eye. Had a great time, but got a call so I headed back to the car. 

On my way to the garage, I saw some folks dancing at a cool bar right in the square. Two of these folks in particular caught my eye. These two were both absolutely gorgeous, and really seemed to know what they were doing. They were off on their own, a ways out front of the bar. The man locked eyes with me, giving me probably the kindest smile I've ever seen. It seemed pretty obvious to me that he wanted me to stop and capture the moment... I didn't stop, just gave the dude an awkward smile and kept walking. 

On my drive to the call I worked through a bunch of different excuses and reasons for why I didn't take the shot. *My gear sucks. Wrong lens. Not enough light* (pretty sure the lighting was as close to perfect as you get.) *My pictures wouldn't have done them justice. The area was too crowded. I was sweaty. I smelled bad. I might've had a panic attack and collapsed, ruining their moment.*

None of that helped.. I missed an opportunity, simple as that. 

Or I walked in front of another's lens, and ruined their shot.

Either way, gotta be more aware, and need to try working on my slow processing and self confidence issues. Hope I'm ready for the next one!",39,34,1774235903.0,33
Device used for editing,"What is everyone editing their photos on and are you worrying about color calibration? QI've tried my Dell laptop which was easy to use because it's a laptop but my color calibration is way different than the colors displayed on my iPhone. So now I'm using my iPad so the colors match and assume also matches better to everyone else's phones? Like majority of clients viewing photos and sharing photos are basically using their phone so it's best to edit to the favor of phone colors.. right? 

Maybe I'm thinking too hard about it but it's a bit upsetting to get a picture perfect looking on my laptop only to see it super vivid on my phone or think to have clients view their images don't look great because it's different on their phone. ",16,45,1774234480.0,23
How to advertise my live music photography ?,how do i get people to see my work and want to hire me ? i have been doing cold calls for local events and have done a handful of gig but i want to get to the point where people come to me.,2,5,1774281326.0,44
Photobooks discussing suicide,"I am a student at a top photo university. I have struggled with suicidality since 12 years old. I'm doing a project reflecting on struggling with suicide and chronic suicidal ideation. I'm also interested in how other people outside of the main victim relate and struggle with suicide. 

If there are any photobooks discussing this subject, please leave them below!",15,12,1774222144.0,29
Photo preservation questions,"Hello all!

My grandfather recently passed and we found a collection of old family photos stored in \[cardboard frames like these\](https://www.avidvintage.com/products/vintage-family-photo-cardboard-frame-idd-bruensbach?srsltid=AfmBOorZdBWvVW-W76Bs1\_LNc5Xrk3ZFzr4Au7NFRZYxkZECHVzZqUf8). (if the link isn’t working the are the paper/cardboard frames a lot of photos from late 19th/early 20th century got stored in from photograph companies). 

I went to school for archival work so it is very likely that handling them going forward will be come my responsibility. I am fairly certain they are not safe to store the photos in long term but am hoping for some advice for what to move them into/maintain records of who is in the photos that have worked for others. 

Any advice or redirection to resources that could help is deeply appreciated!!",14,10,1774196578.0,28
Need Encouragement,"I used to be a  wedding photographer with a thriving business. I did this from 2016-2020. It eventually led to me shooting full time to put myself through grad school to be a mental health therapist! I eventually closed my business because shooting weddings was just too much as a new counselor. I was definitely burnt out from being gone all day every weekend and editing nonstop. 

Fast forward to 2026. I am now a new mom to a one year old &amp; am working part-time in counseling. I have a dream of starting back up again, but this time focusing on families &amp; portraits of newborns &amp; kids. I’m hopeful that this will be more realistic as a mom since being away all day for weddings isn’t really an option anymore! 

The problem is I am SO intimidated to start over. I no longer have a website, it’s been years since I used my skills, and marketing yourself seems totally different than it was in 2018 &amp; 2019!

Does anyone have any tips for starting over? I’d also love to hear from someone who has made a similar shift out of wedding photography. ",5,8,1774206123.0,18
"For those who live in hot summer climates, what do you do in the hotter months in terms of not getting into a photo slump?","I will go out and shoot mostly street photos 2-3x a week, but once late spring to late September rolls around I find myself with nothing to shoot mainly because of how HOT it is outside. For perspective, yesterday the high was 92 but already felt closer to 97 where I live. I live in an area of a lot of suburban sprawl, so what’s indoor is all malls. 

For those that live in baking hot summer climates, how do you stay motivated and close to your work when going outside feels impossible? ",5,27,1774199351.0,122
Looking for a British female photographer...,"... I have seen b&amp;w images of. I mainly have memorized the gout, not specific images. I found it among the best I have seen. Seems she was the Grand Dame of British newspaper photography.

Any idea who that could be? Thx for any help


Edit: Le goût = the flair",0,17,1774261297.0,44
How do I run a Godox iM30 flash off camera as cheaply as possible for macro photography?,"Hi, I have an Olympus E-M1MarkII, and a Godox iM30, and I want to be able to use it for macro, handheld probably about 1 foot away from the camera, just to get a better angle. I don't mind if there is a wire, it doesn't have to be wireless or anything, and it's not an automatic flash

I don't normally do any flash photography, I only do landscape and macro, so I wanted to give this a go but I have spent hours researching and there are so many different complicated and expensive ways to do this, and so many different types of connectors etc... that I am just totally swamped by information, so plz help :) what's the cheapest way to run that flash slightly away from the camera?

thanks for any advice ",5,10,1774192210.0,88
EU photographers: Do you use release forms for documentary work?,"Hey everyone,

I’m a documentary photographer currently based in Portugal, working on a long-term project for my master’s thesis (focused on surf and beach culture). The work is intended for exhibitions, a photobook, and general portfolio/promo use.

I’m trying to understand how photographers across Europe handle release forms in documentary practice, especially for images that end up in books or exhibitions.

Coming from a North American context, I’m used to a more permissive approach to photographing in public. Here in Portugal (and more broadly across the EU), I’m finding the legal and ethical landscape around image rights and identifiable people a bit more challenging.

* Do you typically use release forms for this kind of work?
* If so, in what situations do you use them (portraits, all identifiable subjects, only certain cases, etc.)?
* And if you’re willing to share, could you show or describe the template/structure of the release form you use?

I’m currently drafting my own and would really appreciate seeing how others approach it in practice.

Thanks in advance.",3,4,1774197102.0,64
What non-photography things do you always keep in your camera bag?,"Things like lens wipes, or spare gloves, maybe advil? What do you keep in your bag that isnt strictly gear?",173,343,1774116896.0,66
"Self-Promotion Sunday March 22, 2026","Have something you’ve worked on and want to share with the community? Here’s the place to do so!

Add a comment here to promote your stuff. Feel free to drop links to your recent YouTube videos, podcasts, photobooks, or whatever else it is you’ve created.

____

Full schedule of our weekly community threads:

| Monday      | Tuesday | Wednesday   | Thursday | Friday | Saturday | Sunday |
| ----------- | ----------- | ----------- | ----------- | ----------- | ----------- | ----------- |
| 52 Weeks Share      |  Anything Goes       | Album Share &amp; Feedback | Edit My Raw | Follow Friday | Salty Saturday  | Self-Promotion Sunday",5,10,1774173639.0,36
Client citing themselves as photographer in post instead of the actual photographer,"Wondering what the community's thoughts are on this. Most of my work is featured or purchased by established media outlets and all of them have a practice of sharing the photographer's name. However, I have one client who claims ""photography by:"" 'their company name'"".

I'm not going to make a big thing out of it as they own the footage but this is the first time I've seen this. I honestly prefer they just make no citation at all rather than take full credit as if they shot it.",79,51,1774111052.0,83
Overshooting vs. being selective,"When you’re out shooting, do you tend to take lots of photos and sort through them later, or do you try to be very selective and only press the shutter when you’re confident about the shot?",58,134,1774112763.0,32
Best way to find photographers to work with on editorial style photo projects in Japan?,"I'll be in Japan for a year, but do not know the first thing about the photography scene there.  I have some ideas for shoots that I want to do, but I want to be able to efficiently find a photographer that would match the style of the of shoots I want to achieve. 

Is there some kind of message board for photographers? Or would the best way be to go to art/photography exhibitions and try and network that way?",13,6,1774134104.0,87
London Film photographers smll meet up (walk),"**Sunday 22nd March 2026 11.30am - 2.30pm Film Photo Walk London (central)**

Anyone in London tomorrow shooting film only (I say this after the last 2 guys turned up with a digital Canon and said yes this shoots film too :) )

A few of us mostly doing 35mm, medium format or 620 format are in the habit of meeting for a casual photo film walk (3 hours max) frlm 11.30 Sunday (tomorrow).

We met in a former film atelier studio and darkroom where I used to teach large format technique, studio, darkroom and specialist alternative darkroom technique like lith printing, whole plate, selenium and split toning.

No experience required - it's casual and informal and it's free.  Preferably solo photographers - we don't do clique nor showy attention photography.  We've been doing these walks for 4 years around different sides of London.  Tommorow's will be in central London. 

Drop a PM with your camera and film stock if you are interested in joining.  We have our whatsapp group which local London photographers join after meeting one another to keep developing our photography and personal photographic process. 

Cheers

RJ",13,23,1774129660.0,45
‘Practice’ paper for printing,Wondering what paper you use for photos that you want to print before the final edit. I am going through a lot of expensive paper for photos that are still in the editing phase. Thanks for any suggestions! ,5,9,1774134103.0,29
What print services do you use?,I want to start printing photos but I just want to print for myself not for clients. Right now I’m thinking about using Canva but I was wondering if there’s another service I can use that prints really good photos. Any suggestions?,12,18,1774101820.0,31
"paid photographer $10k and got obviously AI edited photos, reasonable to be mad?","just did a company offsite (\~40+ people) and hired a photographer for about $10k.

got the photos back and at first was pretty excited - turnaround time was crazy fast (&lt;2 days) and photos looked good on the surface.

But looking into them more, some weird tells - faces are weirdly smoothed / slightly uncanny, eyes glistening just a bit too much, everything is super overpolished. I showed my headshot to one friend and he said ""this isn't...you"".

worst of all, the guy denies using AI at all, just said he has a quick editing pipeline.

is this a reasonable thing to be pretty annoyed about? is there anything i can / should do in the situation or should just accept it. would love to hear from actual photographers if this was unethical and if it's reasonable to ask for a refund / re-editing or should just let it go

edit: [example photo](https://photopicker.com/d/a3f7c2e1-8b4d-4f2a-9e6c-1d5a8b3f7e2c)",616,450,1774022739.0,80
Adobe portfolio website building,"Hi everyone -

I'm wondering if anyone else has an adobe portfolio website - Ive had one for years, I love that its included in the subscription but recently Ive been wanting to polish it up &amp; re-do the galleries and have become a bit frustrated - one of my biggest grievances is that the photo galleries feature (while great for quick uploads, and reordering ease) does not convert well for mobile display - the grid will not down size to single file for mobile. The only way to make this happen that I can tell is to upload each photo individually onto the page, placing each photo intentionally where you want it, as reordering is basically impossible in this format. I'm wondering if anyone has found a way around this? 

And also just curious which website type people prefer to build off? I think Ludwig(?) has been my go to but it feels very rudimentary- if anyone has any tips that have helped them or want to share their website for inspo, I'd love to see! Would love to keep my portfolio on adobe but running dangerously close to giving more money to squarespace.  ",10,15,1774096920.0,32
Recommendations for Photo Tours/Guides in San Francisco,"I'm visiting San Francisco in June and looking for photography-focused tours or local guides.
​I’m interested in shooting the city, the North Coast/Muir Woods, or even a day trip to Yosemite. The catch: I won’t have a car, so I need a service that offers pick-up/drop-off in SF.

​I’m looking for a ""photographer's schedule"" (best light, tripod friendly) rather than a standard tourist bus. Any specific people or companies you’d recommend who know the best spots and handle the driving?",5,6,1774104225.0,55
Self Hosting Setups,"Do you self host your website?  
If so, I am curious to know what your system looks like.

My current WordPress website is self hosted on my MacBook Air (M3, 24gb, 512gb) using LocalWP with a Cloudflare Tunnel. I also use Amphetamine on my MacBook so my website stays live.

Getting it set up is kind of a pain, but it has ran smoothly ever since.",0,15,1774134021.0,19
My Hold Harmless Agreement.,"Below is a copy/paste of the hold harmless agreement I use when working with new clients for no fee.

I have my own liability insurance. If you don’t then you should remove #3 and any other said/implied verbiage of insurance coverage.

I’m no lawyer. Do your own research. Use the below at your own risk. If you don’t understand what you’re reading, then it’s best you don’t use this.

\[Your Company Name\], LLC

ON-SITE PHOTOGRAPHY / VIDEO VISIT

LIABILITY ACKNOWLEDGMENT &amp; HOLD HARMLESS AGREEMENT

This acknowledgment confirms the understanding between the undersigned business (“Host”) and \[Your Company Name\], LLC (“Company”) regarding an unpaid, voluntary visit for photography and/or video coverage.

1. Independent Status

\[Your Company Name\], LLC is acting as an independent contractor and is not an employee, agent, partner, or representative of the Host.

2. Voluntary, Unpaid Visit

This visit is voluntary and unpaid unless otherwise agreed in writing. The Company is present solely for the purpose of capturing photography and/or video content.

3. Insurance

The Company maintains its own general liability insurance coverage. Proof of insurance can be provided upon request.

4. Assumption of Risk

The Company understands that being present at a place of business involves ordinary and inherent risks, including but not limited to slips, trips, falls, equipment damage, or other unforeseen incidents.

The Company voluntarily assumes responsibility for risks arising from its own actions, equipment, and operational activities while on the Host’s premises. Nothing in this agreement waives or limits the Host’s responsibility to maintain the premises in a reasonably safe condition or liability arising from the Host’s negligence or intentional misconduct.

5. Hold Harmless

The Company agrees to release and hold harmless the Host from claims or liabilities arising solely from the Company’s own actions, equipment, or operational conduct while on the premises.

This provision does not apply to claims resulting from the Host’s negligence, unsafe property conditions, or intentional misconduct.

6. Permission to Be Present

The Host grants permission for the Company to be present on the property for the stated purpose of photography and/or video capture during mutually agreed times.

7. Minors &amp; Media Consent

If minors (individuals under 18) are present during the photography or video visit, the Host acknowledges that minors may appear in captured media both incidentally (as part of the event environment) and intentionally (such as participation in activities or demonstrations).

The Host confirms that any required parental or guardian permissions for photography or video capture have been obtained or communicated to attendees.

The Company is not responsible for collecting individual model releases unless specifically agreed to in writing prior to the event.

Acknowledgment

By replying in writing (including email or text message) confirming permission for \[Your Company Name\], LLC to be present on the premises, the Host acknowledges and agrees to the terms outlined in this document. The Company’s presence on the property following written confirmation constitutes mutual acceptance of these terms.

\[Your Company Name\], LLC

\[City, State\]

\[Year\]",14,19,1774064346.0,27
I am once again asking for your support to determine whether or not cameraphotomarket.com is a scam.,"I was looking for an Olympus-branded body cap for an OM-2N I bought yesterday and came across [cameraphotomarket.com](http://cameraphotomarket.com) which aside from the body cap has suspiciously good prices on lots of other gear. This is probably too good to be true, right?",0,8,1774128810.0,100
"Salty Saturday March 21, 2026","Need to rant about something in the photography world? Here’s your safe space to be as salty as you want without judgement.

Get it all* off your chest!

^(*Let’s just keep the personal attacks and witch hunts out of it, k?)

____

Full schedule of our weekly community threads:

| Monday      | Tuesday | Wednesday   | Thursday | Friday | Saturday | Sunday |
| ----------- | ----------- | ----------- | ----------- | ----------- | ----------- | ----------- |
| 52 Weeks Share      |  Anything Goes       | Album Share &amp; Feedback | Edit My Raw | Follow Friday | Salty Saturday  | Self-Promotion Sunday",4,9,1774087251.0,29
Tips for a product photoshoot (bed linen) I inted to do on my own as a complete noob,"Hello all, I humbly ask for some tips which might help make the mountain of a task I have at hand slightly easier. I am looking to start an e-commerce business and to sell bed linen. I want to take pictures using my iphone 17 pro in a friend's newly decorated bedroom. I want to use these to promote my brand on insta and as product pictures on the website. I cannot afford a professional photoshots (I have been quoted thousands of dolars, rightly so I guess).

  
Do you all have any tips at all for me as to how I can take decent photos (for my shopify website) using my iphone? I will need to capture a good portion of a double bedroom so its not as easy as taking a picture of a plate (I assume).

Any help will be appreciated - thanks in advance!",0,10,1774117422.0,84
Film through carry on scanners,"Upon going through security at Geneva airport, the staff wouldn’t allow ‘hand checking’ my undeveloped film (I have various rolls, including Cinestill ISO 800), as well as my Kodak ISO 800 disposable camera.

The staff said the scanners are safe and won’t damage my film - but what are people’s thoughts? ",4,27,1774076373.0,30
Restructuring my rates,"I’ve been shooting events for about 5 years and at the moment I’m billing $100/hr for shooting and $50/hr for editing. It feels a little strange to split the rates up especially when my client has no idea how much time I’m editing for, so when they get the invoice they just have to take my word for it.

I’m thinking of simplifying it to $150/hr for shooting, which includes editing. I think depending on the job it could be positive or negative, if I’m in tough light that requires lots of editing time then I’ll get screwed but on the flip side if not much edit is required then I’m making out pretty well.

I also considered just a simple flat day/half day rate, that’s what I do when I work on film sets as a DP. Thinking $600 for half day (4 hrs) and $1200 for full. The rate itself doesn’t change but the way I present my billing does.

I’m in a small town in Michigan so hourly rates are obviously not going to be LA/NY levels.

Wondering how others structure shoots. Also would be curious to know how you notify clients that your rates went up. ",11,19,1774039338.0,22
Seems Like Hdr Photographers are hated  in the photography,hey guys new to this sub. anyways for context i am getting back to photography after like 7ish years of not doing it . an my style  is hdr and an digital manipulation. so i post a hdr photo in another sub an i got so much hate for the hdr and i did some research an a lot of ppl it seems don't like hdr or anything tone mapping like. if feels like we back in the film days when film photographers were tell ppl who use digital camera not real photographers. it's like hdr/tone mapping artist get as much hate as ppl who use ai.  like did something happen for it to be like this?  it kind of sucks tbh. i was really happy and proud about my photo an so many ppl were just aholes and trashing it. i am still going do what i love just sucks its this way.,0,44,1774118041.0,58
Are people leaving Instagram for photography?,"I’ve noticed fewer photographers posting regularly on Instagram lately.

Some seem to be moving toward newsletters, blogs, or smaller online communities instead of relying on one big platform.

It made me wonder if photographers are stepping away from Instagram, or if it’s just my impression.

Where are people sharing their work now? I have a website but honestly it’s hard to get traffic in.. I hear about another platform called quite similar at a point, I believe it had a blue/ dark logo. Did you ever heard of it?

And is thread a thing? ",426,365,1773949920.0,45
Thinking of setting up my camera to Malta a film camera,"Hey fellow redditors. Been wanting to try film for a long time but not really in a position to buy another camera at the moment. Was thinking of setting up one of my bodies to just basically be fully manual everything. Eg:

Leave ISO fixed for 24 frames

Turn off image previews

Turn off simulation in viewfinder

Manual focus (maybe with focus confirmation)

Manual mode

Single shot

Thinking either jpeg only or raw + jpeg

Fixed white balance

Leaving picture style fixed (B+W for example)

Not looking at images for at least 7 days since the last was taken.

Not sure if I’m missing anything else. Been shooting for a long time but have lost inspiration the last few years so trying to think of a way to spice things up and make it more interesting to get me back into the hobby.

Have a 5D4 and R5Mk2 and it’s a shame to just have them sitting on a shelf doing nothing. Live in a small town so it’s hard to think of new and interesting things to shoot, everything’s just looks much the same and un-interesting after a while.",8,18,1774015134.0,55
What are your unfounded photography beliefs or superstitions?,"For example, I believe that f1.8 looks better on a 1.4 lens than a 1.8 lens. ",84,230,1773958083.0,61
"Official Question Thread! Ask /r/photography anything you want to know! March 20, 2026","#This is the place to ask any questions you may have about photography. No question is too small, nor too stupid.

___
 
**Info for Newbies and FAQ!**
 
**First and foremost, check out our extensive [FAQ](https://www.reddit.com/r/photography/wiki/introduction).** Chances are, you'll find your answer there, or at least a starting point in order to ask more informed questions.
 
* Want to start learning? Check out [The Reddit Photography Class](http://www.r-photoclass.com/).
 
* [Here's an informative video](http://vimeo.com/41174743) explaining the Exposure Triangle.
 
___
 
**Need buying advice?**
 
Many people come here for recommendations on what equipment to buy. Our FAQ has several extensive sections to help you determine what best fits your needs and your budget. Please see the following sections of the FAQ to get started:

* [What type of camera should I look for?](https://www.reddit.com/r/photography/wiki/buying#wiki_what_type_of_camera_should_i_look_for.3F)
* [What's a ""point and shoot"" camera? What's a DSLR? What's a ""mirrorless"" camera? What's the difference?](https://www.reddit.com/r/photography/wiki/buying#wiki_what.27s_a_.22point_and_shoot.22_camera.3F_what.27s_a_dslr.3F_what.27s_a_.22mirrorless.22_camera.3F_what.27s_the_difference.3F)
* [Do I need a good camera to take good photos?](https://www.reddit.com/r/photography/wiki/buying#wiki_do_i_need_a_good_camera_to_take_good_photos.3F)
* [Is Canon or Nikon better? (or any other brands)](https://www.reddit.com/r/photography/wiki/buying#wiki_is_canon_or_nikon_better.3F_.28or_any_other_brands.29)
* [What can I afford?](https://www.reddit.com/r/photography/wiki/buying#wiki_what_can_i_afford.3F)

If after reviewing this information you have any specific questions, please feel free to post a comment below. (Remember, when asking for purchase advice please be *specific* about how much you can spend. See [here](https://www.reddit.com/r/photography/wiki/buying#wiki_how_do_i_specify_my_price_range_.2F_budget_when_asking_for_recommendations.3F) for guidelines.)

___

Schedule of community threads:

| Monday      | Tuesday | Wednesday   | Thursday | Friday | Saturday | Sunday |
| ----------- | ----------- | ----------- | ----------- | ----------- | ----------- | ----------- |
| 52 Weeks Share      |  Anything Goes       | Album Share &amp; Feedback | Edit My Raw | Follow Friday | Salty Saturday  | Self-Promotion Sunday

___
 
**Finally a friendly reminder to share your work with our community in r/photographs!**",7,210,1774000858.0,86
I think I'm just a bad photographer when it comes down to it.,"I've been in photography since I was in High School, which dating myself, was about 25 yrs ago. I first went to film school, then I went to photography school. This was a major secondary interest for me after novel writing for just about the vast majority of my life. I've read probably 100 photography books, watched 1000s of videos on the craft. What I'm saying is, I should just be an absolute pro by now.

And don't get me wrong, I have taken some impressive photos from time to time. I like two things, landscapes, and studio work that draws upon my film school background, so think more in the ballpark of like Gregory Crewdson. Hell, I've sunk in total probably $20k over the years on various shoots, hiring models, makeup artists, hair stylists, getting wardrobes and set dressing. And out of like 8 shoots, maybe 2 of them were any good.

And yet, the real problem is, I feel like anytime I have had good results, it's almost been down to luck. And yet, I can hire a wedding photographer and while yes, they are curating, they're still giving great work. I'd fumble with settings, not know the right ones, every other photo under those lighting conditions would be hit or miss.

I have friends or family who have asked me for photoshoots because they see the work hanging on my walls or uploaded digitally and think, let's hire aniform! But every single time, I deliver terrible results. I've got all the lights that many here would envy and yet I am useless with them. I could make a softbox shot look ugly. I'm mostly just ""in the dark"" all the time, fumbling around my gear like a fool.

I needed some product photos and I thought, well of course, I'm a photographer, I'll do my own product photos! It took me ages to get everything dialed in, it looked terrible. So, I hired a product photographer and they were just in command. Put a light here, arrange it like this, and voila! A commercial-ready image.

I suppose my point is, I've got all the gear, got years of schooling, and the truth is, none of it matters. I just don't think I have the skills for this craft. And I'd bet if you asked to see some examples, you'd come back with, these are great, you're too hard on yourself. But what I see behind the scenes is the inconsistency. On one shoot I luck out, get fantastic shots, but on the very next one even following the same formula, it's trash. If you as a portrait photographer went to one client and then to the next with the work being either great or sloppy, depending on the day, you'd be out of work.

I think I'm just getting to a point, 30+ yrs into this that I wasn't meant to do it, even as a hobby and should have just put my money into something else entirely. I suppose I'm just making this post as a sort of confession, haha. But, I do wonder if maybe there are others who feel similarly like imposters.",100,113,1773945535.0,61
Fuji X-T4 wear and tear solutions?,"Hi all, my current Fuji X-T4 is showing signs of wear and tear specifically where the strap is. I've been quite careful with it and so I'm sure these are not from banging it or other means.

Is there a better strap I should be using that does not dig into the body?

Is there anything I can use to fill these body dents that have been created? I wasn't planning on selling it anytime soon but it does reduce slightly the appeal.

https://imgur.com/a/PGxdIW8",3,13,1774009044.0,34
"Follow Friday Thread March 20, 2026","**Let's show each other some support!** Use this thread to share your own social, and find other photographers. 

* If you post your stream, please take a look at other people's streams!
You can give us your Instagram, 500px, Flickr, etc. etc. and remember you can edit your flair.

* Be descriptive, don't just dump your username and leave! For example a good post should look like this:

&gt;Hi! I'm @brianandcamera. I mainly post portraiture and landscapes, but there's the odd bit of concert/event photography as well.

&gt;I'll follow everyone from /r/photography back (if I miss you, just leave a comment telling me you're from Reddit!).

Check out and engage with other /r/photography people! Community is what it's all about!

____

Full schedule of our weekly community threads:

| Monday      | Tuesday | Wednesday   | Thursday | Friday | Saturday | Sunday |
| ----------- | ----------- | ----------- | ----------- | ----------- | ----------- | ----------- |
| 52 Weeks Share      |  Anything Goes       | Album Share &amp; Feedback | Edit My Raw | Follow Friday | Salty Saturday  | Self-Promotion Sunday",3,3,1774000863.0,35
Anyone with phone-tography tips? Help a brotha out. 🙏,"For context, I grow up as a person who shy from cameras or any opportunity for photos. I'm your typical gamer guy, introverted, lowkey guy. I rarely had any good pictures growing up, like every typical 90s kids with bad haircut, and bad photos my mom uses to take (especially those partially naked or on underwear type sh~~), I don't essentially hate them but in a way I love them as they somehow are nostalgic but God forbid my friends see em because I don't want them popping out on my feed when they greet me for my birthday. 

So I grew up with that kind of perception, I love photos with a sense of nostalgia.  The idea of Aesthetics first, is out of my mind.

Now, my girlfriend hates this about me because I do take terrible pics, bad angles, bad lighting, bad everything. My eyes couldn't really see what's wrong because I enjoy the imperfections and quirkiness framed in that moment, but as most girls do, my girlfriend wants photos that are eye candy, picture perfect, good spots and insta worthy like those pics you see on your feed. I tried but failed, a lot.

The dilemma now is we booked a vacay out of town in July and I wanna prepare. Somehow up my photography game, I recognize that this is definitely something I can improve on, I am interested to learn and as my gamerness kicks in, I'm rather competitive. 

Asking everyone out for tips, that are easy to follow for a newbie like me. Believe me, I spent some time searching around YouTube learning bout the rule of thirds and etc., but a lot of this lengthy videos are really difficult to absorb, even with those grids on your camera, for the life of me it just doesn't work, it's a hit or miss for me. 

So, anyone can help a brotha out? ",0,15,1774055209.0,53
Are these light leaks fixable? If so could someone tell me how?,These are from an old film roll that was in my great grandpas camera. I sent them in to get developed and only 2 came back which I had expected not many to. But the only ones that came back have massive light leaks and I think they contain family pictures on them. Is there any way to fix them?,1,9,1773993601.0,63
Looking for a particular woman photographer.,"Good morning.

Maybe about 12-13 years ago I came across this WONDERFUL woman photographer on Flickr and for the life of me I can’t find her.

During the 1950’s - 1960’s see was a Doctor’s assistant in a private practice and throughout her day, both inside and outside the practice she made the most wonderful photographs using a large format camera.

One of her favorite genres was photographing both her and her husband before they went out on the town. She really captured the period wonderfully!

She was so good it earned her an article in, I’m not sure if it was The New York Times or The Washington Post. I’m afraid that someone may have purchased the rights upon her death(?) and made them private.

Thank you!",13,27,1773923234.0,44
"Weekly Edit My Raw Thread March 19, 2026","In this thread, use top level comments to post links to your own raws for other people to edit, or link to any freely licensed (CC or public domain) raws that you might find interesting. If you post your edit anywhere, be sure to credit the original photographer. 
Reply to others' comments with your own edits of the images!

___

Full schedule of our weekly community threads: 
 
| Monday | Tuesday | Wednesday  | Thursday | Friday | Saturday | Sunday |
| ----------- | ----------- | ----------- | ----------- | ----------- | ----------- | ----------- |
| 52 Weeks Share | Anything Goes  | Album Share &amp; Feedback | Edit My Raw | Follow Friday | Salty Saturday | Self-Promotion Sunday",11,17,1773914470.0,40
Daytime phography advice needed,"Hi, I'm somewhat of an experienced photographer but I still lack a lot of knowledge so I'm typing this here now. 

I have an event coming up which I will shoot, it's going to be during daytime in April, which is fine. BUT, there will be fireworks, shot during daytime and they want photos of it because it's very important to them. I know how to take fireworks photos in lowlight and nightime, but I do not understand and can't find any advice of fireworks photogaphy during daytime.

Would any of you have some advice for me? Thank you in advance &lt;3",12,7,1773905588.0,31
Has anyone tried using AI to turn winter listings into summer?,"I’ve been thinking about this recently — especially for listings shot in winter where everything looks a bit flat or grey.

With how good AI has gotten, it feels like it should be possible to turn those into more “summer-like” images (greener grass, warmer light, etc.).

But I’m not sure where the line is between enhancing vs. misleading.

Also wondering how consistent the results are across a full set of images.

Anyone here actually using this in their workflow or tested it?",0,18,1774006124.0,62
Ugly as Beautiful photographers,"Looking for recommendations of photographers who photograph unappealing subjects in an interesting way.  Yes, I’m wide open, I’m exploring the concept for an assignment for students.  I’m coming from outside typical canon knowledge.  ",28,53,1773857366.0,31
Last call for the Spring 2026 Reddit Print Exchange,"Hey all! Andrew here from r/printexchange. Don't worry, I requested permission from the mods to post here about the exchange.

There is about a week left in the sign-up period for the Spring 2026 edition of the Reddit Print Exchange, where we send and receive photographic prints all over the world. We're up to a little over 300 confirmed participants in 39 countries at the time of posting this, so it's shaping up to be a good one. Come join us!

[Link to where you can get more info and sign up](https://www.reddit.com/r/printexchange/comments/1rijou6/sign_up_for_the_spring_2026_reddit_print_exchange/)

Please note that this print exchange is not affiliated with this subreddit or its moderators. Please feel free to direct any questions to me, not them.",9,3,1773870799.0,51
Wedding photoshoot - insurance? UK,"Hi All,

I have been asked to be the photographer at my friends wedding. While I've been dabbling in photography as a hobby, this is a first time genuine job. I am not registered as a business.

The question is - do I need liability insurance and are there any things I need to be looking at? I want to provide her a relatively cheaper price because she's a friend but I also want to make sure I'm doing everything correct.

Any guidance in the right direction?",11,8,1773867263.0,34
Nikon apologizes for cameras “manufactured using parts that do not meet our quality standards”,"Happened to just see this article go by in Digital Camera World about manufacturing ""mistakes"" in some Nikon Z6 III, Z5 II, and ZR cameras. If you have one of these models, you might want to check the serial number and see if it's eligible for free repair service.  [https://www.digitalcameraworld.com/cameras/mirrorless-cameras/nikon-apologizes-for-cameras-manufactured-using-parts-that-do-not-meet-our-quality-standards-issuing-free-repair-service-for-three-mirrorless-models?utm\_term=7B000A21-41C2-4758-A3ED-CFB3D0C4700B&amp;lrh=76e98b5b5681789c06800ff124e1a7ec585ef3058c038b9d1e37735c18b426a1&amp;utm\_campaign=75AC6D4F-39F0-41CB-A47C-7C5D939AC64B&amp;utm\_medium=email&amp;utm\_content=61395752-5C56-48AF-B426-70DA0ADB5BF9&amp;utm\_source=SmartBrief](https://www.digitalcameraworld.com/cameras/mirrorless-cameras/nikon-apologizes-for-cameras-manufactured-using-parts-that-do-not-meet-our-quality-standards-issuing-free-repair-service-for-three-mirrorless-models?utm_term=7B000A21-41C2-4758-A3ED-CFB3D0C4700B&amp;lrh=76e98b5b5681789c06800ff124e1a7ec585ef3058c038b9d1e37735c18b426a1&amp;utm_campaign=75AC6D4F-39F0-41CB-A47C-7C5D939AC64B&amp;utm_medium=email&amp;utm_content=61395752-5C56-48AF-B426-70DA0ADB5BF9&amp;utm_source=SmartBrief)",304,51,1773786077.0,94
I miss my Zenit camera,"In 1984 I bought a Zenit camera in a flea-market in Perth (Australia) for $20 AUD.   
I had to sell it one year later (for $50 US) to one of the employees at the Airport in Manado (Indonesia) because I had to pay the airport tax and I didn't have enough cash, they didn't take traveler checks. my tourist visa expired the day after, and the police at the airport kindly informed me that they couldn't renew it, and if I wasn't able to leave the country in the next 24h, they had no option other than putting me in jail until they could contact my embassy in Jakarta. Of course there was another option, but I probably wasn't going to be able to afford. 

The only flight available out of the country within the next 24h was coincidentally the first flight of a recently inaugurated route to Guam. ""But you need a visa"" the police officer informed me with a big grin on his face, that quickly dissipated when I showed him my Multiple Indefinitely Bearer(s) visa. 

And so I went to Guam, with other 2 passengers in total, leaving behind my Zenith to a guy who considered himself to be very fortunate for having made such a great deal.   
That camera had accompanied me in my travels around South East Asia. It was a great camera, hard and heavy as a brick. It fell to the ground several times, it got wet, and still worked fine, just a few additional scratches. I was very very sorry to have to part with it.",14,22,1773834888.0,22
Tampa photography conference,"Has anyone been to this in the past years was wondering if it’s worth it

The major 2026 photography event in the Tampa Bay area is the Florida Camera Club Council (FCCC) Conference, scheduled for March 27–29, 2026, in Bradenton (near Tampa), featuring over 80 seminars, workshops, and industry leaders. 

Thank for your response ",5,2,1773849599.0,28
What's everybody doing with their Snaplabs? Are they all just garbage?,"The studio for which I work has several Sony Snaplab dye-sublimation printers that have been workhorses for us. A few years ago, Sony stopped making supplies for them and, more recently, the 3rd party suppliers we used also stopped production. 

Does anybody know of any current manufacturers of paper &amp; ink ribbons? Or does anyone have any secret caches of supplies they are willing to sell? 

Anybody need to buy one for spare parts? Can they be repurposed? Or are these now fancy paperweights?

It's a shame because those printers were great units that didn't rely on a separate laptop to function! Kinda sad to see the end of an era.",7,5,1773843191.0,70
Terrible experience with B&amp;H,"I ordered a Canon R10 and its kit lense and what not, it’s my first digital camera, I’m a college student and even took out the payboo card to afford it. I recieved it and with some advice from the experienced photographers i decided with that money spent i could maybe get a full frame mirrorless i found a nikon on their website for around the same.

I start a return process they provide their own shipping label with fed ex if you want to use it. I put every single item in its box and return it. I personally saw the lady tape up the box and package for me.

Days later i get an email that the incorrect camera was received. That instead of the Canon they received a Panasonic ZS99 Digital Camera. I didn’t even know what camera that was and searched it up. It is still a $700 and I am just so confused. Ive been playing ping pong emails with like 4 different employees and have gotten absolutely nothing evidence on how this happened they just keep repeating they didn’t not receive the Canon R10. 

I just don’t understand how they think i did this and not looking further in maybe one of their employees has sticky hands? Im left with no solution after around 5 back and forth emails. I have now sent one to a supervisor but ive lost hope.

My last option is starting a chargeback with the credit card and opening a case and hoping for a refund. 

I cannot believe they want to leave me 1.3k in debt.

Where is my camera.

How was it replaced with a $700 camera.

And why aren’t they finding this suspicious or helping the customer?",0,22,1773873919.0,32
Color blindness,"So photography is a big hobby of mine and I also took some professional works, including events and concerts. Thing is, im too afraid to touch color grading, as I have partial color blindness(Deutan). Has anyone experienced a similar thing before? My doctor said that the glasses made for this wouldnt help with editing. Especially in concerts the light and colors are very challenging, I ""fixed"" some but the tought of my fix being only for me and everyone else sees my photos differently annoys me. Any advice is welcome

Edit: Yall I AM able to see colors, my condition is mild but I sometimes struggle differentiating certain shades, yellow/orange purple/blue etc. (tbf probably a lot more that I dont even know about since I have no idea what ""normal"" looks like). If no one had told me my color perception was wrong/different from theirs, I wouldve assumed mine was the normal. ",22,38,1773774599.0,15
